userId,order1_edges,order2_edges,order1_path,order2_path
117bf560-5011-70e9-de01-b833f5651c83,357,330,da_artifacts/user_117bf560-5011-70e9-de01-b833f5651c83_order1_fixed.png,da_artifacts/user_117bf560-5011-70e9-de01-b833f5651c83_order2_fixed.png
f16b2520-6021-70ee-b980-7a50d804795d,345,309,da_artifacts/user_f16b2520-6021-70ee-b980-7a50d804795d_order1_fixed.png,da_artifacts/user_f16b2520-6021-70ee-b980-7a50d804795d_order2_fixed.png
81fbe5c0-8001-7054-3ac3-3e9db3f6e198,367,357,da_artifacts/user_81fbe5c0-8001-7054-3ac3-3e9db3f6e198_order1_fixed.png,da_artifacts/user_81fbe5c0-8001-7054-3ac3-3e9db3f6e198_order2_fixed.png
e12ba500-f0e1-70f2-73ab-05c1cbc44b76,334,294,da_artifacts/user_e12ba500-f0e1-70f2-73ab-05c1cbc44b76_order1_fixed.png,da_artifacts/user_e12ba500-f0e1-70f2-73ab-05c1cbc44b76_order2_fixed.png
b19b0560-c011-70d1-0a4f-c32cfa1ae4cd,315,300,da_artifacts/user_b19b0560-c011-70d1-0a4f-c32cfa1ae4cd_order1_fixed.png,da_artifacts/user_b19b0560-c011-70d1-0a4f-c32cfa1ae4cd_order2_fixed.png
c16be560-e061-709d-a447-5a0779910084,269,232,da_artifacts/user_c16be560-e061-709d-a447-5a0779910084_order1_fixed.png,da_artifacts/user_c16be560-e061-709d-a447-5a0779910084_order2_fixed.png
01eb0530-d011-70d4-70a6-3d8b36a0733f,247,217,da_artifacts/user_01eb0530-d011-70d4-70a6-3d8b36a0733f_order1_fixed.png,da_artifacts/user_01eb0530-d011-70d4-70a6-3d8b36a0733f_order2_fixed.png
a1cb4570-5011-70b5-5fdf-1eaee3de61f4,246,231,da_artifacts/user_a1cb4570-5011-70b5-5fdf-1eaee3de61f4_order1_fixed.png,da_artifacts/user_a1cb4570-5011-70b5-5fdf-1eaee3de61f4_order2_fixed.png
813b4500-6031-701e-c56f-d60220a6081f,222,184,da_artifacts/user_813b4500-6031-701e-c56f-d60220a6081f_order1_fixed.png,da_artifacts/user_813b4500-6031-701e-c56f-d60220a6081f_order2_fixed.png
219b2590-e041-704c-6a88-f3a3366c6cc5,234,217,da_artifacts/user_219b2590-e041-704c-6a88-f3a3366c6cc5_order1_fixed.png,da_artifacts/user_219b2590-e041-704c-6a88-f3a3366c6cc5_order2_fixed.png
81cbb5e0-9011-7077-7e4e-7aca1564666c,207,182,da_artifacts/user_81cbb5e0-9011-7077-7e4e-7aca1564666c_order1_fixed.png,da_artifacts/user_81cbb5e0-9011-7077-7e4e-7aca1564666c_order2_fixed.png
a1fb3570-f021-705f-6d23-353ec8617ab4,206,194,da_artifacts/user_a1fb3570-f021-705f-6d23-353ec8617ab4_order1_fixed.png,da_artifacts/user_a1fb3570-f021-705f-6d23-353ec8617ab4_order2_fixed.png
81bb0570-e0e1-70e9-3e09-b26d835387b4,193,178,da_artifacts/user_81bb0570-e0e1-70e9-3e09-b26d835387b4_order1_fixed.png,da_artifacts/user_81bb0570-e0e1-70e9-3e09-b26d835387b4_order2_fixed.png
e14bd5d0-0021-70f1-8b50-efac4033a68a,194,185,da_artifacts/user_e14bd5d0-0021-70f1-8b50-efac4033a68a_order1_fixed.png,da_artifacts/user_e14bd5d0-0021-70f1-8b50-efac4033a68a_order2_fixed.png
a1eb05a0-7031-707b-b065-0f30c86f0a6e,191,181,da_artifacts/user_a1eb05a0-7031-707b-b065-0f30c86f0a6e_order1_fixed.png,da_artifacts/user_a1eb05a0-7031-707b-b065-0f30c86f0a6e_order2_fixed.png
a10bd580-0091-709a-49e7-6e9c96ea58c6,178,157,da_artifacts/user_a10bd580-0091-709a-49e7-6e9c96ea58c6_order1_fixed.png,da_artifacts/user_a10bd580-0091-709a-49e7-6e9c96ea58c6_order2_fixed.png
211b0520-f0e1-7015-0094-4310c79ba2e6,176,153,da_artifacts/user_211b0520-f0e1-7015-0094-4310c79ba2e6_order1_fixed.png,da_artifacts/user_211b0520-f0e1-7015-0094-4310c79ba2e6_order2_fixed.png
31cb6500-d081-7067-9d22-37992452f2ad,184,170,da_artifacts/user_31cb6500-d081-7067-9d22-37992452f2ad_order1_fixed.png,da_artifacts/user_31cb6500-d081-7067-9d22-37992452f2ad_order2_fixed.png
c11b3500-c051-70c9-5385-6797f6c08070,177,159,da_artifacts/user_c11b3500-c051-70c9-5385-6797f6c08070_order1_fixed.png,da_artifacts/user_c11b3500-c051-70c9-5385-6797f6c08070_order2_fixed.png
710bd530-f031-7016-ebe5-ee614a366f14,188,181,da_artifacts/user_710bd530-f031-7016-ebe5-ee614a366f14_order1_fixed.png,da_artifacts/user_710bd530-f031-7016-ebe5-ee614a366f14_order2_fixed.png
b1bbe550-6071-708d-a4b6-8d280dff01d0,180,166,da_artifacts/user_b1bbe550-6071-708d-a4b6-8d280dff01d0_order1_fixed.png,da_artifacts/user_b1bbe550-6071-708d-a4b6-8d280dff01d0_order2_fixed.png
611bf540-9091-708a-926e-51ff59cf9473,168,148,da_artifacts/user_611bf540-9091-708a-926e-51ff59cf9473_order1_fixed.png,da_artifacts/user_611bf540-9091-708a-926e-51ff59cf9473_order2_fixed.png
218ba540-4081-70eb-5d75-b3fa54f82268,175,166,da_artifacts/user_218ba540-4081-70eb-5d75-b3fa54f82268_order1_fixed.png,da_artifacts/user_218ba540-4081-70eb-5d75-b3fa54f82268_order2_fixed.png
11cb0520-80d1-70f1-831e-2d3d54b32de3,172,162,da_artifacts/user_11cb0520-80d1-70f1-831e-2d3d54b32de3_order1_fixed.png,da_artifacts/user_11cb0520-80d1-70f1-831e-2d3d54b32de3_order2_fixed.png
218b1530-20e1-701a-ba31-9c86c7da05bc,170,164,da_artifacts/user_218b1530-20e1-701a-ba31-9c86c7da05bc_order1_fixed.png,da_artifacts/user_218b1530-20e1-701a-ba31-9c86c7da05bc_order2_fixed.png
719b2530-2001-7002-244b-0c90ec1dc48d,161,150,da_artifacts/user_719b2530-2001-7002-244b-0c90ec1dc48d_order1_fixed.png,da_artifacts/user_719b2530-2001-7002-244b-0c90ec1dc48d_order2_fixed.png
01eb9580-3071-70a9-01aa-f63e5dd14609,153,135,da_artifacts/user_01eb9580-3071-70a9-01aa-f63e5dd14609_order1_fixed.png,da_artifacts/user_01eb9580-3071-70a9-01aa-f63e5dd14609_order2_fixed.png
f17ba530-1081-709f-a59d-3f05cc7fb431,162,153,da_artifacts/user_f17ba530-1081-709f-a59d-3f05cc7fb431_order1_fixed.png,da_artifacts/user_f17ba530-1081-709f-a59d-3f05cc7fb431_order2_fixed.png
91ab45a0-6011-7078-f1e9-b3a94075f7b7,160,151,da_artifacts/user_91ab45a0-6011-7078-f1e9-b3a94075f7b7_order1_fixed.png,da_artifacts/user_91ab45a0-6011-7078-f1e9-b3a94075f7b7_order2_fixed.png
511bf560-b061-7030-1534-373d6182148d,135,117,da_artifacts/user_511bf560-b061-7030-1534-373d6182148d_order1_fixed.png,da_artifacts/user_511bf560-b061-7030-1534-373d6182148d_order2_fixed.png
f14b7530-60e1-704a-f8d5-4855523e6d94,143,134,da_artifacts/user_f14b7530-60e1-704a-f8d5-4855523e6d94_order1_fixed.png,da_artifacts/user_f14b7530-60e1-704a-f8d5-4855523e6d94_order2_fixed.png
311bb5b0-8031-704a-d26b-1a35da2044f9,143,134,da_artifacts/user_311bb5b0-8031-704a-d26b-1a35da2044f9_order1_fixed.png,da_artifacts/user_311bb5b0-8031-704a-d26b-1a35da2044f9_order2_fixed.png
61bb4560-e0e1-70b5-d308-ad58511a0fc5,137,125,da_artifacts/user_61bb4560-e0e1-70b5-d308-ad58511a0fc5_order1_fixed.png,da_artifacts/user_61bb4560-e0e1-70b5-d308-ad58511a0fc5_order2_fixed.png
01ebf5c0-7001-7089-68b3-ebba941641c4,141,134,da_artifacts/user_01ebf5c0-7001-7089-68b3-ebba941641c4_order1_fixed.png,da_artifacts/user_01ebf5c0-7001-7089-68b3-ebba941641c4_order2_fixed.png
71ab5570-8001-709a-1343-b36f475fb202,132,126,da_artifacts/user_71ab5570-8001-709a-1343-b36f475fb202_order1_fixed.png,da_artifacts/user_71ab5570-8001-709a-1343-b36f475fb202_order2_fixed.png
61abe5e0-d021-7066-78e5-8732da2c09a0,124,113,da_artifacts/user_61abe5e0-d021-7066-78e5-8732da2c09a0_order1_fixed.png,da_artifacts/user_61abe5e0-d021-7066-78e5-8732da2c09a0_order2_fixed.png
b13be530-5051-70d1-0e6c-be1458ec7929,113,99,da_artifacts/user_b13be530-5051-70d1-0e6c-be1458ec7929_order1_fixed.png,da_artifacts/user_b13be530-5051-70d1-0e6c-be1458ec7929_order2_fixed.png
b19ba550-c0d1-706b-5b31-6f30f3eaa255,116,105,da_artifacts/user_b19ba550-c0d1-706b-5b31-6f30f3eaa255_order1_fixed.png,da_artifacts/user_b19ba550-c0d1-706b-5b31-6f30f3eaa255_order2_fixed.png
711b6580-50d1-70c7-2c33-364aab9519a1,116,106,da_artifacts/user_711b6580-50d1-70c7-2c33-364aab9519a1_order1_fixed.png,da_artifacts/user_711b6580-50d1-70c7-2c33-364aab9519a1_order2_fixed.png
516b7570-00e1-700e-b368-e544714cb230,111,101,da_artifacts/user_516b7570-00e1-700e-b368-e544714cb230_order1_fixed.png,da_artifacts/user_516b7570-00e1-700e-b368-e544714cb230_order2_fixed.png
c11bd560-50c1-70ac-8129-15966669f4ae,113,108,da_artifacts/user_c11bd560-50c1-70ac-8129-15966669f4ae_order1_fixed.png,da_artifacts/user_c11bd560-50c1-70ac-8129-15966669f4ae_order2_fixed.png
017bc500-50b1-70d6-f73f-a218553355df,106,95,da_artifacts/user_017bc500-50b1-70d6-f73f-a218553355df_order1_fixed.png,da_artifacts/user_017bc500-50b1-70d6-f73f-a218553355df_order2_fixed.png
71cb5540-20c1-70a9-1806-fbc6af5f0b86,99,81,da_artifacts/user_71cb5540-20c1-70a9-1806-fbc6af5f0b86_order1_fixed.png,da_artifacts/user_71cb5540-20c1-70a9-1806-fbc6af5f0b86_order2_fixed.png
714b9540-8061-70d8-daaa-8a4b42d4dd71,108,99,da_artifacts/user_714b9540-8061-70d8-daaa-8a4b42d4dd71_order1_fixed.png,da_artifacts/user_714b9540-8061-70d8-daaa-8a4b42d4dd71_order2_fixed.png
310bd5d0-6061-7098-d41e-41b982248427,100,85,da_artifacts/user_310bd5d0-6061-7098-d41e-41b982248427_order1_fixed.png,da_artifacts/user_310bd5d0-6061-7098-d41e-41b982248427_order2_fixed.png
011bb520-7041-704f-b3e7-ab5c43dd3950,95,77,da_artifacts/user_011bb520-7041-704f-b3e7-ab5c43dd3950_order1_fixed.png,da_artifacts/user_011bb520-7041-704f-b3e7-ab5c43dd3950_order2_fixed.png
a15b55c0-6081-70cd-a61b-afbdaf0eff13,103,93,da_artifacts/user_a15b55c0-6081-70cd-a61b-afbdaf0eff13_order1_fixed.png,da_artifacts/user_a15b55c0-6081-70cd-a61b-afbdaf0eff13_order2_fixed.png
f1abd540-a0f1-70c2-5c22-206895f355ca,104,96,da_artifacts/user_f1abd540-a0f1-70c2-5c22-206895f355ca_order1_fixed.png,da_artifacts/user_f1abd540-a0f1-70c2-5c22-206895f355ca_order2_fixed.png
81fbd560-90f1-70a6-16ea-d6a5ac61b239,100,88,da_artifacts/user_81fbd560-90f1-70a6-16ea-d6a5ac61b239_order1_fixed.png,da_artifacts/user_81fbd560-90f1-70a6-16ea-d6a5ac61b239_order2_fixed.png
817b9500-8071-700f-6d35-00db749ffca6,102,95,da_artifacts/user_817b9500-8071-700f-6d35-00db749ffca6_order1_fixed.png,da_artifacts/user_817b9500-8071-700f-6d35-00db749ffca6_order2_fixed.png
61eb0590-9001-70e9-9ded-e189346bd845,93,78,da_artifacts/user_61eb0590-9001-70e9-9ded-e189346bd845_order1_fixed.png,da_artifacts/user_61eb0590-9001-70e9-9ded-e189346bd845_order2_fixed.png
21fb65c0-a0d1-7058-ae17-4b20090157aa,100,92,da_artifacts/user_21fb65c0-a0d1-7058-ae17-4b20090157aa_order1_fixed.png,da_artifacts/user_21fb65c0-a0d1-7058-ae17-4b20090157aa_order2_fixed.png
51abb5c0-8061-70ad-a2f4-55de1f7ca8e9,97,87,da_artifacts/user_51abb5c0-8061-70ad-a2f4-55de1f7ca8e9_order1_fixed.png,da_artifacts/user_51abb5c0-8061-70ad-a2f4-55de1f7ca8e9_order2_fixed.png
a13b5500-0021-7047-dba8-89607721af5d,98,91,da_artifacts/user_a13b5500-0021-7047-dba8-89607721af5d_order1_fixed.png,da_artifacts/user_a13b5500-0021-7047-dba8-89607721af5d_order2_fixed.png
11cb7520-40f1-70ca-46b8-915a77bae7de,94,87,da_artifacts/user_11cb7520-40f1-70ca-46b8-915a77bae7de_order1_fixed.png,da_artifacts/user_11cb7520-40f1-70ca-46b8-915a77bae7de_order2_fixed.png
115ba5a0-f021-7098-63b7-6750e7705b72,90,79,da_artifacts/user_115ba5a0-f021-7098-63b7-6750e7705b72_order1_fixed.png,da_artifacts/user_115ba5a0-f021-7098-63b7-6750e7705b72_order2_fixed.png
919b25a0-0071-7022-b6bb-2716eefd7953,95,89,da_artifacts/user_919b25a0-0071-7022-b6bb-2716eefd7953_order1_fixed.png,da_artifacts/user_919b25a0-0071-7022-b6bb-2716eefd7953_order2_fixed.png
b14ba500-e041-701b-eba7-204e26a8a5b7,91,82,da_artifacts/user_b14ba500-e041-701b-eba7-204e26a8a5b7_order1_fixed.png,da_artifacts/user_b14ba500-e041-701b-eba7-204e26a8a5b7_order2_fixed.png
f11bc560-6081-70ae-2949-07ca788f237b,91,82,da_artifacts/user_f11bc560-6081-70ae-2949-07ca788f237b_order1_fixed.png,da_artifacts/user_f11bc560-6081-70ae-2949-07ca788f237b_order2_fixed.png
c17be530-0011-7066-b860-92d133614a57,89,79,da_artifacts/user_c17be530-0011-7066-b860-92d133614a57_order1_fixed.png,da_artifacts/user_c17be530-0011-7066-b860-92d133614a57_order2_fixed.png
a1fbb540-3041-70e7-def6-bcec00a31d99,89,79,da_artifacts/user_a1fbb540-3041-70e7-def6-bcec00a31d99_order1_fixed.png,da_artifacts/user_a1fbb540-3041-70e7-def6-bcec00a31d99_order2_fixed.png
01cbf550-9041-70f1-3bbe-92176ffa992e,85,72,da_artifacts/user_01cbf550-9041-70f1-3bbe-92176ffa992e_order1_fixed.png,da_artifacts/user_01cbf550-9041-70f1-3bbe-92176ffa992e_order2_fixed.png
e1cb9560-4091-706e-840f-87a913394f9e,83,70,da_artifacts/user_e1cb9560-4091-706e-840f-87a913394f9e_order1_fixed.png,da_artifacts/user_e1cb9560-4091-706e-840f-87a913394f9e_order2_fixed.png
116b0520-f0b1-70d5-0575-61162dd862fd,89,82,da_artifacts/user_116b0520-f0b1-70d5-0575-61162dd862fd_order1_fixed.png,da_artifacts/user_116b0520-f0b1-70d5-0575-61162dd862fd_order2_fixed.png
510b5580-60e1-7095-f35a-7fd78cd92cfe,85,74,da_artifacts/user_510b5580-60e1-7095-f35a-7fd78cd92cfe_order1_fixed.png,da_artifacts/user_510b5580-60e1-7095-f35a-7fd78cd92cfe_order2_fixed.png
41cb85f0-d081-708c-e151-e2b062eb0f1d,83,71,da_artifacts/user_41cb85f0-d081-708c-e151-e2b062eb0f1d_order1_fixed.png,da_artifacts/user_41cb85f0-d081-708c-e151-e2b062eb0f1d_order2_fixed.png
91bbe500-b011-7005-c471-0da2f8815108,87,81,da_artifacts/user_91bbe500-b011-7005-c471-0da2f8815108_order1_fixed.png,da_artifacts/user_91bbe500-b011-7005-c471-0da2f8815108_order2_fixed.png
813b75b0-90b1-7068-9549-77eb9a62ffdc,67,42,da_artifacts/user_813b75b0-90b1-7068-9549-77eb9a62ffdc_order1_fixed.png,da_artifacts/user_813b75b0-90b1-7068-9549-77eb9a62ffdc_order2_fixed.png
011bd560-70e1-7036-62a9-3d29afd5179d,85,78,da_artifacts/user_011bd560-70e1-7036-62a9-3d29afd5179d_order1_fixed.png,da_artifacts/user_011bd560-70e1-7036-62a9-3d29afd5179d_order2_fixed.png
514b6590-9031-70f3-bdf0-6fb6ff753346,81,71,da_artifacts/user_514b6590-9031-70f3-bdf0-6fb6ff753346_order1_fixed.png,da_artifacts/user_514b6590-9031-70f3-bdf0-6fb6ff753346_order2_fixed.png
811bc590-9011-705e-82d7-38a6c705a6c4,78,66,da_artifacts/user_811bc590-9011-705e-82d7-38a6c705a6c4_order1_fixed.png,da_artifacts/user_811bc590-9011-705e-82d7-38a6c705a6c4_order2_fixed.png
81eb45d0-00d1-7089-fd06-0ffbbe5e2c7a,73,57,da_artifacts/user_81eb45d0-00d1-7089-fd06-0ffbbe5e2c7a_order1_fixed.png,da_artifacts/user_81eb45d0-00d1-7089-fd06-0ffbbe5e2c7a_order2_fixed.png
31db5580-10e1-70d5-9f5c-004b166ac03c,76,63,da_artifacts/user_31db5580-10e1-70d5-9f5c-004b166ac03c_order1_fixed.png,da_artifacts/user_31db5580-10e1-70d5-9f5c-004b166ac03c_order2_fixed.png
e16b9530-e031-70ad-d225-033f2f45a27d,80,71,da_artifacts/user_e16b9530-e031-70ad-d225-033f2f45a27d_order1_fixed.png,da_artifacts/user_e16b9530-e031-70ad-d225-033f2f45a27d_order2_fixed.png
410b95f0-5061-701c-4a3c-9930963ae77f,81,74,da_artifacts/user_410b95f0-5061-701c-4a3c-9930963ae77f_order1_fixed.png,da_artifacts/user_410b95f0-5061-701c-4a3c-9930963ae77f_order2_fixed.png
c17b5520-f0b1-70c8-8bf1-0f5bd26a0cad,77,67,da_artifacts/user_c17b5520-f0b1-70c8-8bf1-0f5bd26a0cad_order1_fixed.png,da_artifacts/user_c17b5520-f0b1-70c8-8bf1-0f5bd26a0cad_order2_fixed.png
91ab25a0-f051-70ce-9d29-ac0649a68c53,73,60,da_artifacts/user_91ab25a0-f051-70ce-9d29-ac0649a68c53_order1_fixed.png,da_artifacts/user_91ab25a0-f051-70ce-9d29-ac0649a68c53_order2_fixed.png
112b5570-40c1-70f5-ada6-8cd2d2eb5007,75,67,da_artifacts/user_112b5570-40c1-70f5-ada6-8cd2d2eb5007_order1_fixed.png,da_artifacts/user_112b5570-40c1-70f5-ada6-8cd2d2eb5007_order2_fixed.png
113ba590-f051-7017-0685-470ebc1c654d,72,62,da_artifacts/user_113ba590-f051-7017-0685-470ebc1c654d_order1_fixed.png,da_artifacts/user_113ba590-f051-7017-0685-470ebc1c654d_order2_fixed.png
911b1530-f081-70c6-8ba9-81ba9defa173,66,52,da_artifacts/user_911b1530-f081-70c6-8ba9-81ba9defa173_order1_fixed.png,da_artifacts/user_911b1530-f081-70c6-8ba9-81ba9defa173_order2_fixed.png
c17bf5d0-5091-70a9-0d1d-8fbc31f9c224,69,58,da_artifacts/user_c17bf5d0-5091-70a9-0d1d-8fbc31f9c224_order1_fixed.png,da_artifacts/user_c17bf5d0-5091-70a9-0d1d-8fbc31f9c224_order2_fixed.png
91bbd550-f0a1-7047-142d-6aeab04713b1,73,67,da_artifacts/user_91bbd550-f0a1-7047-142d-6aeab04713b1_order1_fixed.png,da_artifacts/user_91bbd550-f0a1-7047-142d-6aeab04713b1_order2_fixed.png
c1ab8590-4021-709d-24e8-65c1ff2dac53,70,62,da_artifacts/user_c1ab8590-4021-709d-24e8-65c1ff2dac53_order1_fixed.png,da_artifacts/user_c1ab8590-4021-709d-24e8-65c1ff2dac53_order2_fixed.png
e17b7530-3021-70d1-5891-3515d4c26ec6,65,55,da_artifacts/user_e17b7530-3021-70d1-5891-3515d4c26ec6_order1_fixed.png,da_artifacts/user_e17b7530-3021-70d1-5891-3515d4c26ec6_order2_fixed.png
014b6540-3041-705c-365b-d2029fb91b21,64,55,da_artifacts/user_014b6540-3041-705c-365b-d2029fb91b21_order1_fixed.png,da_artifacts/user_014b6540-3041-705c-365b-d2029fb91b21_order2_fixed.png
91cb75e0-00e1-70ae-d581-d5924359d3b1,67,61,da_artifacts/user_91cb75e0-00e1-70ae-d581-d5924359d3b1_order1_fixed.png,da_artifacts/user_91cb75e0-00e1-70ae-d581-d5924359d3b1_order2_fixed.png
c10ba560-5051-7080-335e-1e8aaac1f227,53,33,da_artifacts/user_c10ba560-5051-7080-335e-1e8aaac1f227_order1_fixed.png,da_artifacts/user_c10ba560-5051-7080-335e-1e8aaac1f227_order2_fixed.png
613b1510-4051-7027-1ee2-8f2c72d3c64b,65,57,da_artifacts/user_613b1510-4051-7027-1ee2-8f2c72d3c64b_order1_fixed.png,da_artifacts/user_613b1510-4051-7027-1ee2-8f2c72d3c64b_order2_fixed.png
a1eba540-c0b1-7047-0613-98a1815ad2ae,62,52,da_artifacts/user_a1eba540-c0b1-7047-0613-98a1815ad2ae_order1_fixed.png,da_artifacts/user_a1eba540-c0b1-7047-0613-98a1815ad2ae_order2_fixed.png
d17b4550-a0d1-7014-38bf-d8d68777c4f4,62,52,da_artifacts/user_d17b4550-a0d1-7014-38bf-d8d68777c4f4_order1_fixed.png,da_artifacts/user_d17b4550-a0d1-7014-38bf-d8d68777c4f4_order2_fixed.png
41fb4560-10f1-7016-b8cc-cd2bc89239b7,64,58,da_artifacts/user_41fb4560-10f1-7016-b8cc-cd2bc89239b7_order1_fixed.png,da_artifacts/user_41fb4560-10f1-7016-b8cc-cd2bc89239b7_order2_fixed.png
313b9520-e021-70f9-4924-88d88686726c,63,57,da_artifacts/user_313b9520-e021-70f9-4924-88d88686726c_order1_fixed.png,da_artifacts/user_313b9520-e021-70f9-4924-88d88686726c_order2_fixed.png
019be580-4061-7075-debb-ffd77dc8ca40,52,35,da_artifacts/user_019be580-4061-7075-debb-ffd77dc8ca40_order1_fixed.png,da_artifacts/user_019be580-4061-7075-debb-ffd77dc8ca40_order2_fixed.png
c1eb8590-5071-70c5-90a9-bcbf8ca28ccb,66,63,da_artifacts/user_c1eb8590-5071-70c5-90a9-bcbf8ca28ccb_order1_fixed.png,da_artifacts/user_c1eb8590-5071-70c5-90a9-bcbf8ca28ccb_order2_fixed.png
c1ab6550-a0a1-7068-381c-46a9e01d4df5,56,44,da_artifacts/user_c1ab6550-a0a1-7068-381c-46a9e01d4df5_order1_fixed.png,da_artifacts/user_c1ab6550-a0a1-7068-381c-46a9e01d4df5_order2_fixed.png
e18b6520-b0e1-70b8-ec64-a69aa95d052f,58,48,da_artifacts/user_e18b6520-b0e1-70b8-ec64-a69aa95d052f_order1_fixed.png,da_artifacts/user_e18b6520-b0e1-70b8-ec64-a69aa95d052f_order2_fixed.png
a19b0540-7071-7042-dcd4-e8b1bed38ef4,62,57,da_artifacts/user_a19b0540-7071-7042-dcd4-e8b1bed38ef4_order1_fixed.png,da_artifacts/user_a19b0540-7071-7042-dcd4-e8b1bed38ef4_order2_fixed.png
01ebb520-b0d1-709a-ca45-bb5b571f108f,61,55,da_artifacts/user_01ebb520-b0d1-709a-ca45-bb5b571f108f_order1_fixed.png,da_artifacts/user_01ebb520-b0d1-709a-ca45-bb5b571f108f_order2_fixed.png
d17b6520-5071-7048-0b67-edd7ac9f9e44,58,50,da_artifacts/user_d17b6520-5071-7048-0b67-edd7ac9f9e44_order1_fixed.png,da_artifacts/user_d17b6520-5071-7048-0b67-edd7ac9f9e44_order2_fixed.png
f11bd590-d0f1-70a8-f80a-d8522e3d0cd6,58,51,da_artifacts/user_f11bd590-d0f1-70a8-f80a-d8522e3d0cd6_order1_fixed.png,da_artifacts/user_f11bd590-d0f1-70a8-f80a-d8522e3d0cd6_order2_fixed.png
31fbe520-0061-70e7-7783-8fdc38bd09fd,58,53,da_artifacts/user_31fbe520-0061-70e7-7783-8fdc38bd09fd_order1_fixed.png,da_artifacts/user_31fbe520-0061-70e7-7783-8fdc38bd09fd_order2_fixed.png
a15bd5a0-20b1-705d-cacd-efb43606a358,57,51,da_artifacts/user_a15bd5a0-20b1-705d-cacd-efb43606a358_order1_fixed.png,da_artifacts/user_a15bd5a0-20b1-705d-cacd-efb43606a358_order2_fixed.png
21fb2560-d0c1-70cc-8456-cb80cc078b11,56,51,da_artifacts/user_21fb2560-d0c1-70cc-8456-cb80cc078b11_order1_fixed.png,da_artifacts/user_21fb2560-d0c1-70cc-8456-cb80cc078b11_order2_fixed.png
b1cb15d0-c071-70b9-1731-442bca494a97,51,41,da_artifacts/user_b1cb15d0-c071-70b9-1731-442bca494a97_order1_fixed.png,da_artifacts/user_b1cb15d0-c071-70b9-1731-442bca494a97_order2_fixed.png
d16ba510-9071-703c-6c73-2f57834ea988,54,48,da_artifacts/user_d16ba510-9071-703c-6c73-2f57834ea988_order1_fixed.png,da_artifacts/user_d16ba510-9071-703c-6c73-2f57834ea988_order2_fixed.png
919be590-7081-7003-3cef-906e621826ff,54,48,da_artifacts/user_919be590-7081-7003-3cef-906e621826ff_order1_fixed.png,da_artifacts/user_919be590-7081-7003-3cef-906e621826ff_order2_fixed.png
e1cb8510-60e1-709a-53ce-18a04547e565,49,38,da_artifacts/user_e1cb8510-60e1-709a-53ce-18a04547e565_order1_fixed.png,da_artifacts/user_e1cb8510-60e1-709a-53ce-18a04547e565_order2_fixed.png
313b35f0-a0f1-70ff-7490-f9e5e8fea858,45,35,da_artifacts/user_313b35f0-a0f1-70ff-7490-f9e5e8fea858_order1_fixed.png,da_artifacts/user_313b35f0-a0f1-70ff-7490-f9e5e8fea858_order2_fixed.png
f15b75b0-6011-7034-bf08-1dd66fe5cffa,46,37,da_artifacts/user_f15b75b0-6011-7034-bf08-1dd66fe5cffa_order1_fixed.png,da_artifacts/user_f15b75b0-6011-7034-bf08-1dd66fe5cffa_order2_fixed.png
e18b45c0-20a1-7039-271f-10630ddc7b88,48,42,da_artifacts/user_e18b45c0-20a1-7039-271f-10630ddc7b88_order1_fixed.png,da_artifacts/user_e18b45c0-20a1-7039-271f-10630ddc7b88_order2_fixed.png
819b2520-80d1-7040-a2e8-a74594524790,41,28,da_artifacts/user_819b2520-80d1-7040-a2e8-a74594524790_order1_fixed.png,da_artifacts/user_819b2520-80d1-7040-a2e8-a74594524790_order2_fixed.png
f1abb5c0-3001-7042-a4b5-d6561c36322c,47,41,da_artifacts/user_f1abb5c0-3001-7042-a4b5-d6561c36322c_order1_fixed.png,da_artifacts/user_f1abb5c0-3001-7042-a4b5-d6561c36322c_order2_fixed.png
31ab1560-b091-7055-7307-da7f622a0e6b,49,45,da_artifacts/user_31ab1560-b091-7055-7307-da7f622a0e6b_order1_fixed.png,da_artifacts/user_31ab1560-b091-7055-7307-da7f622a0e6b_order2_fixed.png
210bd5c0-70d1-7070-b076-8b8ae197fb56,38,23,da_artifacts/user_210bd5c0-70d1-7070-b076-8b8ae197fb56_order1_fixed.png,da_artifacts/user_210bd5c0-70d1-7070-b076-8b8ae197fb56_order2_fixed.png
a18b2540-90e1-70f8-deb6-fc59ae3297da,45,38,da_artifacts/user_a18b2540-90e1-70f8-deb6-fc59ae3297da_order1_fixed.png,da_artifacts/user_a18b2540-90e1-70f8-deb6-fc59ae3297da_order2_fixed.png
41eb6500-1081-7006-138f-298c1f0f89f5,42,33,da_artifacts/user_41eb6500-1081-7006-138f-298c1f0f89f5_order1_fixed.png,da_artifacts/user_41eb6500-1081-7006-138f-298c1f0f89f5_order2_fixed.png
415b55a0-10a1-704e-fbb1-94f533c8040b,44,37,da_artifacts/user_415b55a0-10a1-704e-fbb1-94f533c8040b_order1_fixed.png,da_artifacts/user_415b55a0-10a1-704e-fbb1-94f533c8040b_order2_fixed.png
a1bbb550-8001-709c-3ebb-799cd4aa893f,38,29,da_artifacts/user_a1bbb550-8001-709c-3ebb-799cd4aa893f_order1_fixed.png,da_artifacts/user_a1bbb550-8001-709c-3ebb-799cd4aa893f_order2_fixed.png
d1db45a0-f051-702b-f627-c33637d4528c,36,25,da_artifacts/user_d1db45a0-f051-702b-f627-c33637d4528c_order1_fixed.png,da_artifacts/user_d1db45a0-f051-702b-f627-c33637d4528c_order2_fixed.png
218be570-f0f1-7033-b8df-1466adc57225,37,27,da_artifacts/user_218be570-f0f1-7033-b8df-1466adc57225_order1_fixed.png,da_artifacts/user_218be570-f0f1-7033-b8df-1466adc57225_order2_fixed.png
119b55f0-6001-70b7-9cf8-aff7a0dc1623,33,20,da_artifacts/user_119b55f0-6001-70b7-9cf8-aff7a0dc1623_order1_fixed.png,da_artifacts/user_119b55f0-6001-70b7-9cf8-aff7a0dc1623_order2_fixed.png
f1cbc5b0-a0b1-7062-ca17-580f39de4c83,39,32,da_artifacts/user_f1cbc5b0-a0b1-7062-ca17-580f39de4c83_order1_fixed.png,da_artifacts/user_f1cbc5b0-a0b1-7062-ca17-580f39de4c83_order2_fixed.png
e1fbb500-50c1-7067-3f5b-f2a306231361,36,28,da_artifacts/user_e1fbb500-50c1-7067-3f5b-f2a306231361_order1_fixed.png,da_artifacts/user_e1fbb500-50c1-7067-3f5b-f2a306231361_order2_fixed.png
410bf580-d041-70ad-e668-e60717bb3b98,37,31,da_artifacts/user_410bf580-d041-70ad-e668-e60717bb3b98_order1_fixed.png,da_artifacts/user_410bf580-d041-70ad-e668-e60717bb3b98_order2_fixed.png
11dbf510-3071-705c-f2d1-83420f60f130,38,34,da_artifacts/user_11dbf510-3071-705c-f2d1-83420f60f130_order1_fixed.png,da_artifacts/user_11dbf510-3071-705c-f2d1-83420f60f130_order2_fixed.png
71fb0550-10e1-7086-a384-f22bf12dee89,37,32,da_artifacts/user_71fb0550-10e1-7086-a384-f22bf12dee89_order1_fixed.png,da_artifacts/user_71fb0550-10e1-7086-a384-f22bf12dee89_order2_fixed.png
91fb2530-b051-70f2-9bbb-1733c381bfbc,35,28,da_artifacts/user_91fb2530-b051-70f2-9bbb-1733c381bfbc_order1_fixed.png,da_artifacts/user_91fb2530-b051-70f2-9bbb-1733c381bfbc_order2_fixed.png
61bbc5f0-2041-7061-260b-a4d10ca29e45,34,27,da_artifacts/user_61bbc5f0-2041-7061-260b-a4d10ca29e45_order1_fixed.png,da_artifacts/user_61bbc5f0-2041-7061-260b-a4d10ca29e45_order2_fixed.png
b10b7510-d0b1-702f-66b3-3c1a07997d6d,29,18,da_artifacts/user_b10b7510-d0b1-702f-66b3-3c1a07997d6d_order1_fixed.png,da_artifacts/user_b10b7510-d0b1-702f-66b3-3c1a07997d6d_order2_fixed.png
e1ebc590-7061-70e7-0b53-19e34682613b,31,24,da_artifacts/user_e1ebc590-7061-70e7-0b53-19e34682613b_order1_fixed.png,da_artifacts/user_e1ebc590-7061-70e7-0b53-19e34682613b_order2_fixed.png
c18b0590-1021-70b2-a04d-7da82bf20079,34,30,da_artifacts/user_c18b0590-1021-70b2-a04d-7da82bf20079_order1_fixed.png,da_artifacts/user_c18b0590-1021-70b2-a04d-7da82bf20079_order2_fixed.png
812b15e0-7001-7072-351b-af5182106bba,29,22,da_artifacts/user_812b15e0-7001-7072-351b-af5182106bba_order1_fixed.png,da_artifacts/user_812b15e0-7001-7072-351b-af5182106bba_order2_fixed.png
c11b2520-70e1-70c8-4f5c-e637ca6a861c,28,21,da_artifacts/user_c11b2520-70e1-70c8-4f5c-e637ca6a861c_order1_fixed.png,da_artifacts/user_c11b2520-70e1-70c8-4f5c-e637ca6a861c_order2_fixed.png
411be510-8031-7076-69a0-27626d9dd276,31,27,da_artifacts/user_411be510-8031-7076-69a0-27626d9dd276_order1_fixed.png,da_artifacts/user_411be510-8031-7076-69a0-27626d9dd276_order2_fixed.png
113bc5a0-00c1-70a8-1558-53c8f78b1a99,28,22,da_artifacts/user_113bc5a0-00c1-70a8-1558-53c8f78b1a99_order1_fixed.png,da_artifacts/user_113bc5a0-00c1-70a8-1558-53c8f78b1a99_order2_fixed.png
c1abe560-20f1-70dc-393f-5a083011e23f,29,25,da_artifacts/user_c1abe560-20f1-70dc-393f-5a083011e23f_order1_fixed.png,da_artifacts/user_c1abe560-20f1-70dc-393f-5a083011e23f_order2_fixed.png
a1dba540-c071-705a-e705-3f35ce26988f,29,26,da_artifacts/user_a1dba540-c071-705a-e705-3f35ce26988f_order1_fixed.png,da_artifacts/user_a1dba540-c071-705a-e705-3f35ce26988f_order2_fixed.png
312b35d0-2051-7020-d5a8-cf5e4a3d2b40,24,17,da_artifacts/user_312b35d0-2051-7020-d5a8-cf5e4a3d2b40_order1_fixed.png,da_artifacts/user_312b35d0-2051-7020-d5a8-cf5e4a3d2b40_order2_fixed.png
b1abe580-4091-7066-5da1-2ce6aa6d0e3b,22,14,da_artifacts/user_b1abe580-4091-7066-5da1-2ce6aa6d0e3b_order1_fixed.png,da_artifacts/user_b1abe580-4091-7066-5da1-2ce6aa6d0e3b_order2_fixed.png
e11ba5c0-60e1-7014-3010-a78f186a4362,23,16,da_artifacts/user_e11ba5c0-60e1-7014-3010-a78f186a4362_order1_fixed.png,da_artifacts/user_e11ba5c0-60e1-7014-3010-a78f186a4362_order2_fixed.png
f14be5c0-d081-70bb-548b-5d9ea05cc289,22,14,da_artifacts/user_f14be5c0-d081-70bb-548b-5d9ea05cc289_order1_fixed.png,da_artifacts/user_f14be5c0-d081-70bb-548b-5d9ea05cc289_order2_fixed.png
617b2500-4071-70e9-29f1-b4c4ce63bfaa,25,21,da_artifacts/user_617b2500-4071-70e9-29f1-b4c4ce63bfaa_order1_fixed.png,da_artifacts/user_617b2500-4071-70e9-29f1-b4c4ce63bfaa_order2_fixed.png
c14bf560-2021-705a-7bb3-97ad9cbde502,21,15,da_artifacts/user_c14bf560-2021-705a-7bb3-97ad9cbde502_order1_fixed.png,da_artifacts/user_c14bf560-2021-705a-7bb3-97ad9cbde502_order2_fixed.png
c16b2580-e0d1-70dd-532d-007653cefda9,19,12,da_artifacts/user_c16b2580-e0d1-70dd-532d-007653cefda9_order1_fixed.png,da_artifacts/user_c16b2580-e0d1-70dd-532d-007653cefda9_order2_fixed.png
411bd580-f051-7091-c64b-39f944fda7b6,21,16,da_artifacts/user_411bd580-f051-7091-c64b-39f944fda7b6_order1_fixed.png,da_artifacts/user_411bd580-f051-7091-c64b-39f944fda7b6_order2_fixed.png
315b9550-4081-7033-4f93-fe2be67cdfcc,19,14,da_artifacts/user_315b9550-4081-7033-4f93-fe2be67cdfcc_order1_fixed.png,da_artifacts/user_315b9550-4081-7033-4f93-fe2be67cdfcc_order2_fixed.png
d1fb5550-1001-7057-b8f9-d17759791a6b,18,14,da_artifacts/user_d1fb5550-1001-7057-b8f9-d17759791a6b_order1_fixed.png,da_artifacts/user_d1fb5550-1001-7057-b8f9-d17759791a6b_order2_fixed.png
016b65a0-90b1-703c-a8e3-caf440f1860a,15,9,da_artifacts/user_016b65a0-90b1-703c-a8e3-caf440f1860a_order1_fixed.png,da_artifacts/user_016b65a0-90b1-703c-a8e3-caf440f1860a_order2_fixed.png
e14bd5c0-2091-70a1-3e0d-252a10bc1372,17,13,da_artifacts/user_e14bd5c0-2091-70a1-3e0d-252a10bc1372_order1_fixed.png,da_artifacts/user_e14bd5c0-2091-70a1-3e0d-252a10bc1372_order2_fixed.png
012b8580-9011-70e5-0aa0-480c3bb39caa,15,10,da_artifacts/user_012b8580-9011-70e5-0aa0-480c3bb39caa_order1_fixed.png,da_artifacts/user_012b8580-9011-70e5-0aa0-480c3bb39caa_order2_fixed.png
a1fbd5d0-e0e1-7054-7a08-05c01f9a74b1,16,13,da_artifacts/user_a1fbd5d0-e0e1-7054-7a08-05c01f9a74b1_order1_fixed.png,da_artifacts/user_a1fbd5d0-e0e1-7054-7a08-05c01f9a74b1_order2_fixed.png
e19bc5d0-4021-7079-8270-a5b48b2ed74f,13,7,da_artifacts/user_e19bc5d0-4021-7079-8270-a5b48b2ed74f_order1_fixed.png,da_artifacts/user_e19bc5d0-4021-7079-8270-a5b48b2ed74f_order2_fixed.png
619bf560-4021-7015-9155-f148328587b8,14,10,da_artifacts/user_619bf560-4021-7015-9155-f148328587b8_order1_fixed.png,da_artifacts/user_619bf560-4021-7015-9155-f148328587b8_order2_fixed.png
016b15c0-a071-70a4-d6d6-0aae841b512a,9,2,da_artifacts/user_016b15c0-a071-70a4-d6d6-0aae841b512a_order1_fixed.png,da_artifacts/user_016b15c0-a071-70a4-d6d6-0aae841b512a_order2_fixed.png
017b8560-6081-70e4-7303-6882d8635df0,13,10,da_artifacts/user_017b8560-6081-70e4-7303-6882d8635df0_order1_fixed.png,da_artifacts/user_017b8560-6081-70e4-7303-6882d8635df0_order2_fixed.png
f1cba540-a0d1-70b2-f94d-ddac74add408,13,10,da_artifacts/user_f1cba540-a0d1-70b2-f94d-ddac74add408_order1_fixed.png,da_artifacts/user_f1cba540-a0d1-70b2-f94d-ddac74add408_order2_fixed.png
91eb4560-80d1-706f-3e42-8631c8034d21,10,5,da_artifacts/user_91eb4560-80d1-706f-3e42-8631c8034d21_order1_fixed.png,da_artifacts/user_91eb4560-80d1-706f-3e42-8631c8034d21_order2_fixed.png
a1ebb500-9081-70a6-c0d9-6fc5a9b63b7d,11,7,da_artifacts/user_a1ebb500-9081-70a6-c0d9-6fc5a9b63b7d_order1_fixed.png,da_artifacts/user_a1ebb500-9081-70a6-c0d9-6fc5a9b63b7d_order2_fixed.png
51ebb5a0-6021-7085-ff7f-676d2ac635a3,10,5,da_artifacts/user_51ebb5a0-6021-7085-ff7f-676d2ac635a3_order1_fixed.png,da_artifacts/user_51ebb5a0-6021-7085-ff7f-676d2ac635a3_order2_fixed.png
c1fbd5c0-a001-70fd-355d-eb03b3584e47,12,9,da_artifacts/user_c1fbd5c0-a001-70fd-355d-eb03b3584e47_order1_fixed.png,da_artifacts/user_c1fbd5c0-a001-70fd-355d-eb03b3584e47_order2_fixed.png
c1ab95b0-80d1-7047-e0fd-cf25383a25c1,11,8,da_artifacts/user_c1ab95b0-80d1-7047-e0fd-cf25383a25c1_order1_fixed.png,da_artifacts/user_c1ab95b0-80d1-7047-e0fd-cf25383a25c1_order2_fixed.png
b1cb6570-80d1-70d6-b914-60bf3a31e5c7,12,10,da_artifacts/user_b1cb6570-80d1-70d6-b914-60bf3a31e5c7_order1_fixed.png,da_artifacts/user_b1cb6570-80d1-70d6-b914-60bf3a31e5c7_order2_fixed.png
415b45e0-c021-70ec-1015-5db26e8e37a8,11,8,da_artifacts/user_415b45e0-c021-70ec-1015-5db26e8e37a8_order1_fixed.png,da_artifacts/user_415b45e0-c021-70ec-1015-5db26e8e37a8_order2_fixed.png
b14bd5f0-0011-704d-7e86-b55f1b5f014a,10,7,da_artifacts/user_b14bd5f0-0011-704d-7e86-b55f1b5f014a_order1_fixed.png,da_artifacts/user_b14bd5f0-0011-704d-7e86-b55f1b5f014a_order2_fixed.png
b17b05e0-3031-7053-8f2e-c462e449a396,9,5,da_artifacts/user_b17b05e0-3031-7053-8f2e-c462e449a396_order1_fixed.png,da_artifacts/user_b17b05e0-3031-7053-8f2e-c462e449a396_order2_fixed.png
71cbe580-90f1-7027-51c8-f471e501854b,9,5,da_artifacts/user_71cbe580-90f1-7027-51c8-f471e501854b_order1_fixed.png,da_artifacts/user_71cbe580-90f1-7027-51c8-f471e501854b_order2_fixed.png
912bd5e0-5061-7098-cb02-8d6eae25468c,9,6,da_artifacts/user_912bd5e0-5061-7098-cb02-8d6eae25468c_order1_fixed.png,da_artifacts/user_912bd5e0-5061-7098-cb02-8d6eae25468c_order2_fixed.png
d17b0530-40c1-7051-3339-0d2a5bb89823,9,6,da_artifacts/user_d17b0530-40c1-7051-3339-0d2a5bb89823_order1_fixed.png,da_artifacts/user_d17b0530-40c1-7051-3339-0d2a5bb89823_order2_fixed.png
915b1540-40a1-709f-69ee-13ca3e80fcf2,11,10,da_artifacts/user_915b1540-40a1-709f-69ee-13ca3e80fcf2_order1_fixed.png,da_artifacts/user_915b1540-40a1-709f-69ee-13ca3e80fcf2_order2_fixed.png
216bd550-9081-7098-93e3-10b74373ebe6,8,6,da_artifacts/user_216bd550-9081-7098-93e3-10b74373ebe6_order1_fixed.png,da_artifacts/user_216bd550-9081-7098-93e3-10b74373ebe6_order2_fixed.png
d14be530-3021-7083-6ee6-f96210849e13,8,6,da_artifacts/user_d14be530-3021-7083-6ee6-f96210849e13_order1_fixed.png,da_artifacts/user_d14be530-3021-7083-6ee6-f96210849e13_order2_fixed.png
312b7500-f041-709a-6408-6f3b6222555b,7,4,da_artifacts/user_312b7500-f041-709a-6408-6f3b6222555b_order1_fixed.png,da_artifacts/user_312b7500-f041-709a-6408-6f3b6222555b_order2_fixed.png
21db15f0-b041-70c8-aec0-cd297c0b55ac,8,6,da_artifacts/user_21db15f0-b041-70c8-aec0-cd297c0b55ac_order1_fixed.png,da_artifacts/user_21db15f0-b041-70c8-aec0-cd297c0b55ac_order2_fixed.png
21bb9560-e091-7093-48ce-07076388c6c5,6,2,da_artifacts/user_21bb9560-e091-7093-48ce-07076388c6c5_order1_fixed.png,da_artifacts/user_21bb9560-e091-7093-48ce-07076388c6c5_order2_fixed.png
917bc500-1061-70c3-4dd4-f053938b1826,8,6,da_artifacts/user_917bc500-1061-70c3-4dd4-f053938b1826_order1_fixed.png,da_artifacts/user_917bc500-1061-70c3-4dd4-f053938b1826_order2_fixed.png
619bd5c0-3031-70df-5cbd-c3b6d763d84b,8,7,da_artifacts/user_619bd5c0-3031-70df-5cbd-c3b6d763d84b_order1_fixed.png,da_artifacts/user_619bd5c0-3031-70df-5cbd-c3b6d763d84b_order2_fixed.png
11dbd5f0-80a1-7076-d1aa-848948d336e3,6,3,da_artifacts/user_11dbd5f0-80a1-7076-d1aa-848948d336e3_order1_fixed.png,da_artifacts/user_11dbd5f0-80a1-7076-d1aa-848948d336e3_order2_fixed.png
71db5530-00e1-709f-0e88-2c9a19f8dc8b,5,2,da_artifacts/user_71db5530-00e1-709f-0e88-2c9a19f8dc8b_order1_fixed.png,da_artifacts/user_71db5530-00e1-709f-0e88-2c9a19f8dc8b_order2_fixed.png
d10bd540-b0a1-702b-2353-0f09ca339f59,5,2,da_artifacts/user_d10bd540-b0a1-702b-2353-0f09ca339f59_order1_fixed.png,da_artifacts/user_d10bd540-b0a1-702b-2353-0f09ca339f59_order2_fixed.png
618b3510-8031-705d-7448-12d2783e3064,4,1,da_artifacts/user_618b3510-8031-705d-7448-12d2783e3064_order1_fixed.png,da_artifacts/user_618b3510-8031-705d-7448-12d2783e3064_order2_fixed.png
d1cb95b0-3071-70d0-f547-ba55b3123783,5,3,da_artifacts/user_d1cb95b0-3071-70d0-f547-ba55b3123783_order1_fixed.png,da_artifacts/user_d1cb95b0-3071-70d0-f547-ba55b3123783_order2_fixed.png
e1bb25a0-d0b1-703c-dff4-aef708b16181,5,3,da_artifacts/user_e1bb25a0-d0b1-703c-dff4-aef708b16181_order1_fixed.png,da_artifacts/user_e1bb25a0-d0b1-703c-dff4-aef708b16181_order2_fixed.png
d1cba5c0-4041-7099-95fd-aac383e0a3cb,3,0,da_artifacts/user_d1cba5c0-4041-7099-95fd-aac383e0a3cb_order1_fixed.png,da_artifacts/user_d1cba5c0-4041-7099-95fd-aac383e0a3cb_order2_fixed.png
c15ba5f0-4051-708c-e082-cb7682fd01b2,3,1,da_artifacts/user_c15ba5f0-4051-708c-e082-cb7682fd01b2_order1_fixed.png,da_artifacts/user_c15ba5f0-4051-708c-e082-cb7682fd01b2_order2_fixed.png
31eb05d0-70d1-7020-6a3e-bc223a1d6165,4,3,da_artifacts/user_31eb05d0-70d1-7020-6a3e-bc223a1d6165_order1_fixed.png,da_artifacts/user_31eb05d0-70d1-7020-6a3e-bc223a1d6165_order2_fixed.png
f18bb5b0-d001-702f-a16a-a004877fccad,3,1,da_artifacts/user_f18bb5b0-d001-702f-a16a-a004877fccad_order1_fixed.png,da_artifacts/user_f18bb5b0-d001-702f-a16a-a004877fccad_order2_fixed.png
113be530-c071-70a1-1d40-1b6e6088e134,4,3,da_artifacts/user_113be530-c071-70a1-1d40-1b6e6088e134_order1_fixed.png,da_artifacts/user_113be530-c071-70a1-1d40-1b6e6088e134_order2_fixed.png
217b8540-6011-7086-a648-de542f534c22,3,1,da_artifacts/user_217b8540-6011-7086-a648-de542f534c22_order1_fixed.png,da_artifacts/user_217b8540-6011-7086-a648-de542f534c22_order2_fixed.png
819bd5f0-c0b1-70e2-e723-7bfd5aa9f3ca,4,3,da_artifacts/user_819bd5f0-c0b1-70e2-e723-7bfd5aa9f3ca_order1_fixed.png,da_artifacts/user_819bd5f0-c0b1-70e2-e723-7bfd5aa9f3ca_order2_fixed.png
21bb6580-40b1-7001-244b-d1c1ba0cec48,4,3,da_artifacts/user_21bb6580-40b1-7001-244b-d1c1ba0cec48_order1_fixed.png,da_artifacts/user_21bb6580-40b1-7001-244b-d1c1ba0cec48_order2_fixed.png
e12b2510-60e1-709a-9903-b758e497809a,3,2,da_artifacts/user_e12b2510-60e1-709a-9903-b758e497809a_order1_fixed.png,da_artifacts/user_e12b2510-60e1-709a-9903-b758e497809a_order2_fixed.png
c16b0500-b021-70a6-5bdc-2c3e5e0472c6,2,1,da_artifacts/user_c16b0500-b021-70a6-5bdc-2c3e5e0472c6_order1_fixed.png,da_artifacts/user_c16b0500-b021-70a6-5bdc-2c3e5e0472c6_order2_fixed.png
510bd5a0-3041-7058-e2cf-5c09d3db1009,2,1,da_artifacts/user_510bd5a0-3041-7058-e2cf-5c09d3db1009_order1_fixed.png,da_artifacts/user_510bd5a0-3041-7058-e2cf-5c09d3db1009_order2_fixed.png
311b2590-2041-700f-ce56-3226dd4728d9,2,1,da_artifacts/user_311b2590-2041-700f-ce56-3226dd4728d9_order1_fixed.png,da_artifacts/user_311b2590-2041-700f-ce56-3226dd4728d9_order2_fixed.png
911b55d0-a0f1-70ac-25c2-07f9eaa08392,2,1,da_artifacts/user_911b55d0-a0f1-70ac-25c2-07f9eaa08392_order1_fixed.png,da_artifacts/user_911b55d0-a0f1-70ac-25c2-07f9eaa08392_order2_fixed.png
61dba5f0-00f1-7082-7b9c-b35054207615,2,1,da_artifacts/user_61dba5f0-00f1-7082-7b9c-b35054207615_order1_fixed.png,da_artifacts/user_61dba5f0-00f1-7082-7b9c-b35054207615_order2_fixed.png
c17b75e0-00a1-7042-14cc-ebf9cec71595,1,0,da_artifacts/user_c17b75e0-00a1-7042-14cc-ebf9cec71595_order1_fixed.png,da_artifacts/user_c17b75e0-00a1-7042-14cc-ebf9cec71595_order2_fixed.png
21fba590-60a1-70ba-0967-7fe100d86137,1,0,da_artifacts/user_21fba590-60a1-70ba-0967-7fe100d86137_order1_fixed.png,da_artifacts/user_21fba590-60a1-70ba-0967-7fe100d86137_order2_fixed.png
41bbf590-9091-7030-9e14-d33b01f1aae6,1,0,da_artifacts/user_41bbf590-9091-7030-9e14-d33b01f1aae6_order1_fixed.png,da_artifacts/user_41bbf590-9091-7030-9e14-d33b01f1aae6_order2_fixed.png
d1bb4520-5021-700b-e6c7-ba9f0d11e538,1,0,da_artifacts/user_d1bb4520-5021-700b-e6c7-ba9f0d11e538_order1_fixed.png,da_artifacts/user_d1bb4520-5021-700b-e6c7-ba9f0d11e538_order2_fixed.png
b12b4550-8001-70f9-71be-240eab8f838e,1,0,da_artifacts/user_b12b4550-8001-70f9-71be-240eab8f838e_order1_fixed.png,da_artifacts/user_b12b4550-8001-70f9-71be-240eab8f838e_order2_fixed.png
