cluster,from,to,count,prop_from
0,Statement-non-opinion,Statement-non-opinion,1106,0.5833
0,Statement-non-opinion,Yes-No-Question,187,0.0986
0,Statement-non-opinion,Wh-Question,172,0.0907
0,Wh-Question,Statement-non-opinion,164,0.4397
0,Yes-No-Question,Statement-non-opinion,161,0.388
0,Statement-non-opinion,Action-directive,149,0.0786
0,Action-directive,Statement-non-opinion,147,0.5365
0,Rhetorical-Question,Statement-non-opinion,104,0.4245
0,Statement-non-opinion,Rhetorical-Question,97,0.0512
0,Yes-No-Question,Yes-No-Question,88,0.212
0,Wh-Question,Wh-Question,68,0.1823
0,Quotation,Statement-non-opinion,64,0.5378
0,Statement-non-opinion,Quotation,56,0.0295
0,Yes-No-Question,Wh-Question,49,0.1181
0,Wh-Question,Yes-No-Question,46,0.1233
0,Yes-No-Question,Action-directive,41,0.0988
0,Rhetorical-Question,Yes-No-Question,40,0.1633
0,Yes-No-Question,Rhetorical-Question,40,0.0964
0,Action-directive,Yes-No-Question,34,0.1241
0,Wh-Question,Rhetorical-Question,32,0.0858
0,Action-directive,Action-directive,31,0.1131
0,Rhetorical-Question,Rhetorical-Question,31,0.1265
0,Statement-non-opinion,Statement-opinion,28,0.0148
0,Downplayer,Statement-non-opinion,27,0.6
0,Rhetorical-Question,Wh-Question,26,0.1061
1,Statement-non-opinion,Statement-non-opinion,178,0.957
1,Statement-non-opinion,Action-directive,5,0.0269
1,Statement-non-opinion,Yes-No-Question,2,0.0108
1,Statement-non-opinion,Wh-Question,1,0.0054
1,Uninterpretable,Uninterpretable,1,0.5
1,Uninterpretable,Statement-non-opinion,1,0.5
2,Statement-non-opinion,Statement-non-opinion,436,0.6202
2,Statement-non-opinion,Wh-Question,103,0.1465
2,Wh-Question,Statement-non-opinion,93,0.4286
2,Statement-non-opinion,Yes-No-Question,74,0.1053
2,Yes-No-Question,Statement-non-opinion,72,0.507
2,Wh-Question,Wh-Question,60,0.2765
2,Statement-non-opinion,Action-directive,52,0.074
2,Action-directive,Statement-non-opinion,51,0.6538
2,Wh-Question,Yes-No-Question,41,0.1889
2,Yes-No-Question,Wh-Question,30,0.2113
2,Yes-No-Question,Yes-No-Question,26,0.1831
2,Rhetorical-Question,Statement-non-opinion,20,0.4082
2,Statement-non-opinion,Rhetorical-Question,19,0.027
2,Action-directive,Wh-Question,16,0.2051
2,Wh-Question,Rhetorical-Question,15,0.0691
2,Rhetorical-Question,Wh-Question,14,0.2857
2,Statement-non-opinion,Quotation,11,0.0156
2,Quotation,Statement-non-opinion,8,0.6667
2,Rhetorical-Question,Rhetorical-Question,8,0.1633
2,Action-directive,Action-directive,7,0.0897
2,Rhetorical-Question,Yes-No-Question,5,0.102
2,Yes-No-Question,Action-directive,5,0.0352
2,Yes-No-Question,Conventional-closing,4,0.0282
2,Action-directive,Yes-No-Question,4,0.0513
2,Yes-No-Question,Rhetorical-Question,4,0.0282
3,Statement-non-opinion,Statement-non-opinion,376,0.6384
3,Statement-non-opinion,Rhetorical-Question,58,0.0985
3,Statement-non-opinion,Action-directive,54,0.0917
3,Action-directive,Statement-non-opinion,52,0.5361
3,Rhetorical-Question,Statement-non-opinion,52,0.4522
3,Wh-Question,Statement-non-opinion,40,0.4706
3,Statement-non-opinion,Wh-Question,40,0.0679
3,Statement-non-opinion,Yes-No-Question,33,0.056
3,Yes-No-Question,Statement-non-opinion,31,0.4079
3,Yes-No-Question,Yes-No-Question,28,0.3684
3,Rhetorical-Question,Wh-Question,22,0.1913
3,Action-directive,Action-directive,22,0.2268
3,Rhetorical-Question,Rhetorical-Question,20,0.1739
3,Action-directive,Rhetorical-Question,14,0.1443
3,Rhetorical-Question,Action-directive,14,0.1217
3,Wh-Question,Rhetorical-Question,14,0.1647
3,Wh-Question,Wh-Question,14,0.1647
3,Quotation,Statement-non-opinion,12,0.8
3,Statement-non-opinion,Quotation,9,0.0153
3,Yes-No-Question,Wh-Question,7,0.0921
3,Wh-Question,Yes-No-Question,7,0.0824
3,Wh-Question,Action-directive,6,0.0706
3,Statement-non-opinion,Statement-opinion,6,0.0102
3,Action-directive,Wh-Question,5,0.0515
3,Yes-No-Question,Action-directive,5,0.0658
4,Statement-non-opinion,Statement-non-opinion,1094,0.6368
4,Statement-non-opinion,Yes-No-Question,151,0.0879
4,Yes-No-Question,Statement-non-opinion,140,0.4912
4,Wh-Question,Statement-non-opinion,127,0.4961
4,Action-directive,Statement-non-opinion,125,0.5319
4,Statement-non-opinion,Action-directive,120,0.0698
4,Statement-non-opinion,Wh-Question,119,0.0693
4,Statement-non-opinion,Rhetorical-Question,63,0.0367
4,Statement-non-opinion,Quotation,61,0.0355
4,Rhetorical-Question,Statement-non-opinion,57,0.5
4,Wh-Question,Wh-Question,55,0.2148
4,Quotation,Statement-non-opinion,53,0.438
4,Action-directive,Action-directive,48,0.2043
4,Yes-No-Question,Yes-No-Question,43,0.1509
4,Statement-opinion,Statement-non-opinion,30,0.6818
4,Wh-Question,Yes-No-Question,30,0.1172
4,Yes-No-Question,Wh-Question,29,0.1018
4,Quotation,Yes-No-Question,25,0.2066
4,Statement-non-opinion,Statement-opinion,25,0.0146
4,Statement-non-opinion,Repeat-phrase,23,0.0134
4,Statement-non-opinion,Collaborative Completion,23,0.0134
4,Yes-No-Question,Quotation,22,0.0772
4,Quotation,Action-directive,20,0.1653
4,Repeat-phrase,Statement-non-opinion,19,0.4872
4,Yes-No-Question,Rhetorical-Question,18,0.0632
5,Statement-non-opinion,Statement-non-opinion,1253,0.6546
5,Statement-non-opinion,Action-directive,186,0.0972
5,Action-directive,Statement-non-opinion,182,0.5815
5,Statement-non-opinion,Wh-Question,113,0.059
5,Statement-non-opinion,Yes-No-Question,103,0.0538
5,Yes-No-Question,Statement-non-opinion,97,0.4491
5,Wh-Question,Statement-non-opinion,96,0.4465
5,Rhetorical-Question,Statement-non-opinion,70,0.5185
5,Statement-non-opinion,Rhetorical-Question,62,0.0324
5,Action-directive,Action-directive,54,0.1725
5,Statement-opinion,Statement-non-opinion,53,0.6795
5,Statement-non-opinion,Statement-opinion,52,0.0272
5,Yes-No-Question,Yes-No-Question,49,0.2269
5,Statement-non-opinion,Collaborative Completion,42,0.0219
5,Collaborative Completion,Statement-non-opinion,41,0.7069
5,Wh-Question,Wh-Question,35,0.1628
5,Other,Statement-non-opinion,34,0.7083
5,Quotation,Statement-non-opinion,31,0.6739
5,Wh-Question,Yes-No-Question,30,0.1395
5,Yes-No-Question,Wh-Question,29,0.1343
5,Statement-non-opinion,Other,28,0.0146
5,Statement-non-opinion,Quotation,28,0.0146
5,Action-directive,Yes-No-Question,21,0.0671
5,Wh-Question,Rhetorical-Question,21,0.0977
5,Conventional-opening,Statement-non-opinion,20,0.8333
6,Statement-non-opinion,Statement-non-opinion,371,0.677
6,Action-directive,Statement-non-opinion,63,0.6176
6,Statement-non-opinion,Action-directive,54,0.0985
6,Statement-non-opinion,Yes-No-Question,37,0.0675
6,Statement-non-opinion,Wh-Question,36,0.0657
6,Yes-No-Question,Statement-non-opinion,31,0.5345
6,Action-directive,Action-directive,26,0.2549
6,Wh-Question,Statement-non-opinion,21,0.4118
6,Quotation,Statement-non-opinion,19,0.6786
6,Wh-Question,Action-directive,17,0.3333
6,Statement-non-opinion,Quotation,17,0.031
6,Statement-non-opinion,Rhetorical-Question,9,0.0164
6,Statement-opinion,Statement-non-opinion,9,0.9
6,Yes-No-Question,Yes-No-Question,9,0.1552
6,Statement-non-opinion,Acknowledge (Backchannel),7,0.0128
6,Acknowledge (Backchannel),Acknowledge (Backchannel),7,0.4667
6,Acknowledge (Backchannel),Statement-non-opinion,6,0.4
6,Wh-Question,Yes-No-Question,6,0.1176
6,Rhetorical-Question,Statement-non-opinion,5,0.4545
6,Statement-non-opinion,Statement-opinion,5,0.0091
6,Yes-No-Question,Other,5,0.0862
6,Yes-No-Question,Wh-Question,5,0.0862
6,Uninterpretable,Statement-non-opinion,5,1.0
6,Yes-No-Question,Action-directive,4,0.069
6,Action-directive,Wh-Question,4,0.0392
7,Statement-non-opinion,Yes-No-Question,20,0.8
7,Yes-No-Question,Statement-non-opinion,8,0.8
7,Statement-non-opinion,Statement-non-opinion,3,0.12
7,Yes-No-Question,Wh-Question,2,0.2
7,Statement-non-opinion,Action-directive,2,0.08
7,Wh-Question,Wh-Question,2,0.6667
7,Statement-opinion,Statement-non-opinion,1,1.0
7,Action-directive,Statement-non-opinion,1,1.0
7,Wh-Question,Statement-non-opinion,1,0.3333
8,Statement-non-opinion,Statement-non-opinion,486,0.5704
8,Wh-Question,Statement-non-opinion,94,0.39
8,Statement-non-opinion,Wh-Question,87,0.1021
8,Statement-non-opinion,Action-directive,78,0.0915
8,Wh-Question,Wh-Question,74,0.3071
8,Yes-No-Question,Statement-non-opinion,73,0.432
8,Statement-non-opinion,Yes-No-Question,73,0.0857
8,Action-directive,Statement-non-opinion,61,0.4453
8,Statement-non-opinion,Rhetorical-Question,46,0.054
8,Rhetorical-Question,Statement-non-opinion,37,0.3814
8,Yes-No-Question,Yes-No-Question,32,0.1893
8,Wh-Question,Yes-No-Question,25,0.1037
8,Yes-No-Question,Wh-Question,24,0.142
8,Statement-non-opinion,Open-Question,22,0.0258
8,Statement-non-opinion,Quotation,21,0.0246
8,Action-directive,Action-directive,21,0.1533
8,Rhetorical-Question,Wh-Question,19,0.1959
8,Open-Question,Statement-non-opinion,18,0.375
8,Action-directive,Wh-Question,18,0.1314
8,Action-directive,Yes-No-Question,18,0.1314
8,Statement-non-opinion,Statement-opinion,18,0.0211
8,Quotation,Statement-non-opinion,17,0.4595
8,Wh-Question,Action-directive,16,0.0664
8,Rhetorical-Question,Rhetorical-Question,13,0.134
8,Open-Question,Wh-Question,13,0.2708
9,Statement-non-opinion,Action-directive,32,0.6667
9,Statement-non-opinion,Statement-non-opinion,16,0.3333
9,Action-directive,Statement-non-opinion,14,0.9333
9,Yes-No-Question,Yes-No-Question,4,0.6667
9,Wh-Question,Rhetorical-Question,2,0.5
9,Yes-No-Question,Statement-non-opinion,2,0.3333
9,Rhetorical-Question,Yes-No-Question,1,0.5
9,Wh-Question,Wh-Question,1,0.25
9,Rhetorical-Question,Wh-Question,1,0.5
9,Wh-Question,Statement-non-opinion,1,0.25
9,Conventional-opening,Wh-Question,1,0.5
9,Conventional-opening,Quotation,1,0.5
9,Quotation,Statement-non-opinion,1,1.0
9,Action-directive,Appreciation,1,0.0667
